item_title,short_description,long_description,item_product_type
Levi's Graphic Print Top,Lightweight crew neck with organic cotton fabric.,"Levi's Graphic Print Top made from organic cotton, featuring lightweight properties, crew neck design, and suitable for men's sizes.",T-shirts
GAP Retro Logo Polo Shirt,Lightweight v-neck with silk fabric.,"GAP Retro Logo Polo Shirt made from silk, featuring lightweight properties, v-neck design, and suitable for women's sizes.",T-shirts
Champion Graphic Print Top,Moisture-wicking tank top with polyester fabric.,"Champion Graphic Print Top made from polyester, featuring moisture-wicking properties, tank top design, and suitable for men's big & tall sizes.",T-shirts
Nike AIRism Ultra Light Tee,Reinforced seams tank top with cotton fabric.,"Nike AIRism Ultra Light Tee made from cotton, featuring reinforced seams properties, tank top design, and suitable for women's sizes.",T-shirts
Champion Graphic Print Crew Neck Tee,Durable stitching henley with bamboo fabric.,"Champion Graphic Print Crew Neck Tee made from bamboo, featuring durable stitching properties, henley design, and suitable for women's plus sizes.",T-shirts
Under Armour Classic Fit Crew Neck Tee,Reinforced seams polo with organic cotton fabric.,"Under Armour Classic Fit Crew Neck Tee made from organic cotton, featuring reinforced seams properties, polo design, and suitable for women's sizes.",T-shirts
Adidas Minimalist Crew Crew Neck Tee,Soft fabric crew neck with blend fabric.,"Adidas Minimalist Crew Crew Neck Tee made from blend, featuring soft fabric properties, crew neck design, and suitable for men's sizes.",T-shirts
Reebok Graphic Print Crew Neck Tee,Moisture-wicking v-neck with polyester fabric.,"Reebok Graphic Print Crew Neck Tee made from polyester, featuring moisture-wicking properties, v-neck design, and suitable for men's big & tall sizes.",T-shirts
Puma Essentials Crew Top,Soft fabric polo with polyester fabric.,"Puma Essentials Crew Top made from polyester, featuring soft fabric properties, polo design, and suitable for unisex sizes.",T-shirts
GAP Sustainable Organic Tee,Moisture-wicking polo with blend fabric.,"GAP Sustainable Organic Tee made from blend, featuring moisture-wicking properties, polo design, and suitable for men's big & tall sizes.",T-shirts
Champion AIRism Ultra Light Crew Neck Tee,Lightweight polo with organic cotton fabric.,"Champion AIRism Ultra Light Crew Neck Tee made from organic cotton, featuring lightweight properties, polo design, and suitable for men's sizes.",T-shirts
Nike Essentials Crew Top,Eco-friendly polo with silk fabric.,"Nike Essentials Crew Top made from silk, featuring eco-friendly properties, polo design, and suitable for women's sizes.",T-shirts
Uniqlo AIRism Ultra Light Top,Quick-drying v-neck with wool fabric.,"Uniqlo AIRism Ultra Light Top made from wool, featuring quick-drying properties, v-neck design, and suitable for unisex sizes.",T-shirts
Levi's Slim Fit V-Neck Shirt,Reinforced seams polo with wool fabric.,"Levi's Slim Fit V-Neck Shirt made from wool, featuring reinforced seams properties, polo design, and suitable for women's sizes.",T-shirts
ASICS Retro Logo Tee,Breathable henley with linen fabric.,"ASICS Retro Logo Tee made from linen, featuring breathable properties, henley design, and suitable for women's sizes.",T-shirts
Uniqlo Athletic Performance Polo Shirt,Eco-friendly crew neck with linen fabric.,"Uniqlo Athletic Performance Polo Shirt made from linen, featuring eco-friendly properties, crew neck design, and suitable for women's plus sizes.",T-shirts
Adidas Slim Fit V-Neck Tee,Soft fabric tank top with polyester fabric.,"Adidas Slim Fit V-Neck Tee made from polyester, featuring soft fabric properties, tank top design, and suitable for women's sizes.",T-shirts
Levi's Classic Fit Crew Neck Top,Flexible crew neck with polyester fabric.,"Levi's Classic Fit Crew Neck Top made from polyester, featuring flexible properties, crew neck design, and suitable for women's plus sizes.",T-shirts
Calvin Klein Sport Performance Polo Shirt,Quick-drying henley with bamboo fabric.,"Calvin Klein Sport Performance Polo Shirt made from bamboo, featuring quick-drying properties, henley design, and suitable for women's plus sizes.",T-shirts
Adidas Essentials Crew Top,Breathable tank top with silk fabric.,"Adidas Essentials Crew Top made from silk, featuring breathable properties, tank top design, and suitable for men's big & tall sizes.",T-shirts
Puma Vintage Logo Top,Breathable crew neck with linen fabric.,"Puma Vintage Logo Top made from linen, featuring breathable properties, crew neck design, and suitable for men's sizes.",T-shirts
New Balance Vintage Logo Polo Shirt,Flexible crew neck with linen fabric.,"New Balance Vintage Logo Polo Shirt made from linen, featuring flexible properties, crew neck design, and suitable for women's sizes.",T-shirts
Reebok Graphic Print Shirt,Quick-drying henley with organic cotton fabric.,"Reebok Graphic Print Shirt made from organic cotton, featuring quick-drying properties, henley design, and suitable for women's plus sizes.",T-shirts
Adidas Sport Performance Crew Neck Tee,Quick-drying polo with linen fabric.,"Adidas Sport Performance Crew Neck Tee made from linen, featuring quick-drying properties, polo design, and suitable for men's sizes.",T-shirts
H&M Classic Fit Crew Neck Crew Neck Tee,Reinforced seams crew neck with linen fabric.,"H&M Classic Fit Crew Neck Crew Neck Tee made from linen, featuring reinforced seams properties, crew neck design, and suitable for unisex sizes.",T-shirts
Adidas Slim Fit V-Neck Tee,Breathable tank top with silk fabric.,"Adidas Slim Fit V-Neck Tee made from silk, featuring breathable properties, tank top design, and suitable for women's sizes.",T-shirts
Uniqlo Minimalist Crew Top,Reinforced seams polo with linen fabric.,"Uniqlo Minimalist Crew Top made from linen, featuring reinforced seams properties, polo design, and suitable for men's sizes.",T-shirts
H&M Classic Fit Crew Neck Tee,Reinforced seams tank top with wool fabric.,"H&M Classic Fit Crew Neck Tee made from wool, featuring reinforced seams properties, tank top design, and suitable for unisex sizes.",T-shirts
ASICS Performance Training Polo Shirt,Soft fabric tank top with cotton fabric.,"ASICS Performance Training Polo Shirt made from cotton, featuring soft fabric properties, tank top design, and suitable for women's sizes.",T-shirts
H&M Essentials Crew Top,Reinforced seams henley with blend fabric.,"H&M Essentials Crew Top made from blend, featuring reinforced seams properties, henley design, and suitable for women's plus sizes.",T-shirts
Tommy Hilfiger Retro Logo Tee,Flexible crew neck with silk fabric.,"Tommy Hilfiger Retro Logo Tee made from silk, featuring flexible properties, crew neck design, and suitable for men's sizes.",T-shirts
Levi's Retro Logo Crew Neck Tee,Moisture-wicking tank top with organic cotton fabric.,"Levi's Retro Logo Crew Neck Tee made from organic cotton, featuring moisture-wicking properties, tank top design, and suitable for men's sizes.",T-shirts
Champion Sustainable Organic Shirt,Eco-friendly polo with organic cotton fabric.,"Champion Sustainable Organic Shirt made from organic cotton, featuring eco-friendly properties, polo design, and suitable for men's big & tall sizes.",T-shirts
Adidas Essentials Crew Top,Durable stitching tank top with blend fabric.,"Adidas Essentials Crew Top made from blend, featuring durable stitching properties, tank top design, and suitable for women's sizes.",T-shirts
Vans Graphic Print Crew Neck Tee,Flexible tank top with silk fabric.,"Vans Graphic Print Crew Neck Tee made from silk, featuring flexible properties, tank top design, and suitable for unisex sizes.",T-shirts
Uniqlo Slim Fit V-Neck Tee,Moisture-wicking polo with linen fabric.,"Uniqlo Slim Fit V-Neck Tee made from linen, featuring moisture-wicking properties, polo design, and suitable for men's sizes.",T-shirts
Puma Essentials Crew Top,Lightweight polo with organic cotton fabric.,"Puma Essentials Crew Top made from organic cotton, featuring lightweight properties, polo design, and suitable for men's sizes.",T-shirts
GAP Vintage Pocket Polo Shirt,Eco-friendly henley with organic cotton fabric.,"GAP Vintage Pocket Polo Shirt made from organic cotton, featuring eco-friendly properties, henley design, and suitable for women's plus sizes.",T-shirts
Levi's Slim Fit V-Neck Shirt,Durable stitching v-neck with cotton fabric.,"Levi's Slim Fit V-Neck Shirt made from cotton, featuring durable stitching properties, v-neck design, and suitable for women's plus sizes.",T-shirts
Levi's AIRism Ultra Light Tee,Lightweight henley with silk fabric.,"Levi's AIRism Ultra Light Tee made from silk, featuring lightweight properties, henley design, and suitable for unisex sizes.",T-shirts
Uniqlo Vintage Logo Crew Neck Tee,Lightweight polo with polyester fabric.,"Uniqlo Vintage Logo Crew Neck Tee made from polyester, featuring lightweight properties, polo design, and suitable for women's plus sizes.",T-shirts
Champion Athletic Performance Top,Eco-friendly v-neck with organic cotton fabric.,"Champion Athletic Performance Top made from organic cotton, featuring eco-friendly properties, v-neck design, and suitable for women's sizes.",T-shirts
Calvin Klein Classic Fit Crew Neck Top,Quick-drying polo with bamboo fabric.,"Calvin Klein Classic Fit Crew Neck Top made from bamboo, featuring quick-drying properties, polo design, and suitable for women's plus sizes.",T-shirts
Champion Classic Fit Crew Neck Tee,Lightweight polo with cotton fabric.,"Champion Classic Fit Crew Neck Tee made from cotton, featuring lightweight properties, polo design, and suitable for unisex sizes.",T-shirts
Levi's Graphic Print Tee,Breathable crew neck with linen fabric.,"Levi's Graphic Print Tee made from linen, featuring breathable properties, crew neck design, and suitable for men's big & tall sizes.",T-shirts
Under Armour Minimalist Crew Shirt,Lightweight tank top with organic cotton fabric.,"Under Armour Minimalist Crew Shirt made from organic cotton, featuring lightweight properties, tank top design, and suitable for unisex sizes.",T-shirts
Reebok Essentials Crew Tee,Durable stitching crew neck with polyester fabric.,"Reebok Essentials Crew Tee made from polyester, featuring durable stitching properties, crew neck design, and suitable for women's plus sizes.",T-shirts
ASICS Minimalist Crew Top,Soft fabric crew neck with blend fabric.,"ASICS Minimalist Crew Top made from blend, featuring soft fabric properties, crew neck design, and suitable for men's big & tall sizes.",T-shirts
Uniqlo Slim Fit V-Neck Shirt,Flexible tank top with bamboo fabric.,"Uniqlo Slim Fit V-Neck Shirt made from bamboo, featuring flexible properties, tank top design, and suitable for men's big & tall sizes.",T-shirts
Reebok Vintage Logo Top,Soft fabric polo with bamboo fabric.,"Reebok Vintage Logo Top made from bamboo, featuring soft fabric properties, polo design, and suitable for unisex sizes.",T-shirts
Reebok Sustainable Organic Shirt,Quick-drying tank top with bamboo fabric.,"Reebok Sustainable Organic Shirt made from bamboo, featuring quick-drying properties, tank top design, and suitable for men's big & tall sizes.",T-shirts
New Balance Slim Fit V-Neck Polo Shirt,Reinforced seams tank top with polyester fabric.,"New Balance Slim Fit V-Neck Polo Shirt made from polyester, featuring reinforced seams properties, tank top design, and suitable for women's sizes.",T-shirts
ASICS Vintage Logo Shirt,Breathable crew neck with organic cotton fabric.,"ASICS Vintage Logo Shirt made from organic cotton, featuring breathable properties, crew neck design, and suitable for men's sizes.",T-shirts
Nike Vintage Logo Polo Shirt,Quick-drying crew neck with organic cotton fabric.,"Nike Vintage Logo Polo Shirt made from organic cotton, featuring quick-drying properties, crew neck design, and suitable for women's plus sizes.",T-shirts
Calvin Klein Essentials Crew Top,Quick-drying tank top with polyester fabric.,"Calvin Klein Essentials Crew Top made from polyester, featuring quick-drying properties, tank top design, and suitable for men's big & tall sizes.",T-shirts
Uniqlo Classic Fit Crew Neck Crew Neck Tee,Reinforced seams polo with bamboo fabric.,"Uniqlo Classic Fit Crew Neck Crew Neck Tee made from bamboo, featuring reinforced seams properties, polo design, and suitable for unisex sizes.",T-shirts
Reebok AIRism Ultra Light Shirt,Soft fabric polo with organic cotton fabric.,"Reebok AIRism Ultra Light Shirt made from organic cotton, featuring soft fabric properties, polo design, and suitable for women's plus sizes.",T-shirts
Champion Vintage Pocket Top,Flexible polo with wool fabric.,"Champion Vintage Pocket Top made from wool, featuring flexible properties, polo design, and suitable for women's sizes.",T-shirts
Puma AIRism Ultra Light Top,Reinforced seams tank top with organic cotton fabric.,"Puma AIRism Ultra Light Top made from organic cotton, featuring reinforced seams properties, tank top design, and suitable for men's sizes.",T-shirts
Puma Sport Performance Tee,Lightweight polo with organic cotton fabric.,"Puma Sport Performance Tee made from organic cotton, featuring lightweight properties, polo design, and suitable for unisex sizes.",T-shirts
GAP Vintage Logo Tee,Durable stitching crew neck with bamboo fabric.,"GAP Vintage Logo Tee made from bamboo, featuring durable stitching properties, crew neck design, and suitable for women's plus sizes.",T-shirts
Reebok Performance Training Top,Durable stitching v-neck with cotton fabric.,"Reebok Performance Training Top made from cotton, featuring durable stitching properties, v-neck design, and suitable for men's sizes.",T-shirts
Champion Vintage Pocket Top,Soft fabric henley with polyester fabric.,"Champion Vintage Pocket Top made from polyester, featuring soft fabric properties, henley design, and suitable for women's sizes.",T-shirts
Uniqlo Sustainable Organic Crew Neck Tee,Moisture-wicking v-neck with silk fabric.,"Uniqlo Sustainable Organic Crew Neck Tee made from silk, featuring moisture-wicking properties, v-neck design, and suitable for unisex sizes.",T-shirts
Tommy Hilfiger AIRism Ultra Light Shirt,Lightweight polo with cotton fabric.,"Tommy Hilfiger AIRism Ultra Light Shirt made from cotton, featuring lightweight properties, polo design, and suitable for women's plus sizes.",T-shirts
Adidas Classic Fit Crew Neck Crew Neck Tee,Quick-drying henley with cotton fabric.,"Adidas Classic Fit Crew Neck Crew Neck Tee made from cotton, featuring quick-drying properties, henley design, and suitable for unisex sizes.",T-shirts
GAP Sustainable Organic Crew Neck Tee,Quick-drying v-neck with wool fabric.,"GAP Sustainable Organic Crew Neck Tee made from wool, featuring quick-drying properties, v-neck design, and suitable for men's big & tall sizes.",T-shirts
ASICS Graphic Print Tee,Reinforced seams polo with organic cotton fabric.,"ASICS Graphic Print Tee made from organic cotton, featuring reinforced seams properties, polo design, and suitable for men's big & tall sizes.",T-shirts
Calvin Klein Retro Logo Shirt,Flexible tank top with linen fabric.,"Calvin Klein Retro Logo Shirt made from linen, featuring flexible properties, tank top design, and suitable for men's big & tall sizes.",T-shirts
Tommy Hilfiger Athletic Performance Crew Neck Tee,Breathable crew neck with linen fabric.,"Tommy Hilfiger Athletic Performance Crew Neck Tee made from linen, featuring breathable properties, crew neck design, and suitable for women's sizes.",T-shirts
Champion Minimalist Crew Top,Moisture-wicking polo with blend fabric.,"Champion Minimalist Crew Top made from blend, featuring moisture-wicking properties, polo design, and suitable for women's sizes.",T-shirts
H&M Minimalist Crew Polo Shirt,Moisture-wicking crew neck with polyester fabric.,"H&M Minimalist Crew Polo Shirt made from polyester, featuring moisture-wicking properties, crew neck design, and suitable for men's big & tall sizes.",T-shirts
Levi's Essentials Crew Shirt,Lightweight henley with wool fabric.,"Levi's Essentials Crew Shirt made from wool, featuring lightweight properties, henley design, and suitable for women's plus sizes.",T-shirts
Nike Retro Logo Polo Shirt,Flexible tank top with linen fabric.,"Nike Retro Logo Polo Shirt made from linen, featuring flexible properties, tank top design, and suitable for women's sizes.",T-shirts
Levi's Retro Logo Tee,Moisture-wicking v-neck with organic cotton fabric.,"Levi's Retro Logo Tee made from organic cotton, featuring moisture-wicking properties, v-neck design, and suitable for women's sizes.",T-shirts
ASICS Performance Training Top,Soft fabric polo with organic cotton fabric.,"ASICS Performance Training Top made from organic cotton, featuring soft fabric properties, polo design, and suitable for women's sizes.",T-shirts
Adidas Classic Fit Crew Neck Crew Neck Tee,Flexible crew neck with silk fabric.,"Adidas Classic Fit Crew Neck Crew Neck Tee made from silk, featuring flexible properties, crew neck design, and suitable for unisex sizes.",T-shirts
Levi's Graphic Print Shirt,Quick-drying polo with silk fabric.,"Levi's Graphic Print Shirt made from silk, featuring quick-drying properties, polo design, and suitable for men's big & tall sizes.",T-shirts
New Balance AIRism Ultra Light Shirt,Quick-drying v-neck with linen fabric.,"New Balance AIRism Ultra Light Shirt made from linen, featuring quick-drying properties, v-neck design, and suitable for men's sizes.",T-shirts
Champion Athletic Performance Tee,Lightweight v-neck with wool fabric.,"Champion Athletic Performance Tee made from wool, featuring lightweight properties, v-neck design, and suitable for unisex sizes.",T-shirts
Reebok AIRism Ultra Light Crew Neck Tee,Flexible tank top with silk fabric.,"Reebok AIRism Ultra Light Crew Neck Tee made from silk, featuring flexible properties, tank top design, and suitable for unisex sizes.",T-shirts
Tommy Hilfiger Athletic Performance Top,Quick-drying v-neck with linen fabric.,"Tommy Hilfiger Athletic Performance Top made from linen, featuring quick-drying properties, v-neck design, and suitable for men's big & tall sizes.",T-shirts
Adidas Graphic Print Crew Neck Tee,Lightweight henley with silk fabric.,"Adidas Graphic Print Crew Neck Tee made from silk, featuring lightweight properties, henley design, and suitable for women's plus sizes.",T-shirts
Vans Vintage Logo Polo Shirt,Breathable crew neck with linen fabric.,"Vans Vintage Logo Polo Shirt made from linen, featuring breathable properties, crew neck design, and suitable for unisex sizes.",T-shirts
Tommy Hilfiger Essentials Crew Shirt,Moisture-wicking v-neck with silk fabric.,"Tommy Hilfiger Essentials Crew Shirt made from silk, featuring moisture-wicking properties, v-neck design, and suitable for women's sizes.",T-shirts
Reebok Vintage Pocket Crew Neck Tee,Lightweight henley with silk fabric.,"Reebok Vintage Pocket Crew Neck Tee made from silk, featuring lightweight properties, henley design, and suitable for women's plus sizes.",T-shirts
Calvin Klein Vintage Pocket Top,Flexible crew neck with silk fabric.,"Calvin Klein Vintage Pocket Top made from silk, featuring flexible properties, crew neck design, and suitable for men's big & tall sizes.",T-shirts
Nike Sport Performance Crew Neck Tee,Flexible polo with wool fabric.,"Nike Sport Performance Crew Neck Tee made from wool, featuring flexible properties, polo design, and suitable for men's big & tall sizes.",T-shirts
Nike Minimalist Crew Top,Quick-drying henley with linen fabric.,"Nike Minimalist Crew Top made from linen, featuring quick-drying properties, henley design, and suitable for women's plus sizes.",T-shirts
New Balance Vintage Logo Crew Neck Tee,Eco-friendly polo with bamboo fabric.,"New Balance Vintage Logo Crew Neck Tee made from bamboo, featuring eco-friendly properties, polo design, and suitable for unisex sizes.",T-shirts
Vans Sport Performance Crew Neck Tee,Reinforced seams polo with polyester fabric.,"Vans Sport Performance Crew Neck Tee made from polyester, featuring reinforced seams properties, polo design, and suitable for women's plus sizes.",T-shirts
Vans Sport Performance Tee,Flexible tank top with cotton fabric.,"Vans Sport Performance Tee made from cotton, featuring flexible properties, tank top design, and suitable for men's sizes.",T-shirts
Puma Sustainable Organic Shirt,Moisture-wicking polo with blend fabric.,"Puma Sustainable Organic Shirt made from blend, featuring moisture-wicking properties, polo design, and suitable for men's sizes.",T-shirts
New Balance Vintage Logo Shirt,Lightweight polo with polyester fabric.,"New Balance Vintage Logo Shirt made from polyester, featuring lightweight properties, polo design, and suitable for unisex sizes.",T-shirts
Vans Vintage Logo Shirt,Lightweight v-neck with silk fabric.,"Vans Vintage Logo Shirt made from silk, featuring lightweight properties, v-neck design, and suitable for women's sizes.",T-shirts
Nike Athletic Performance Shirt,Flexible v-neck with cotton fabric.,"Nike Athletic Performance Shirt made from cotton, featuring flexible properties, v-neck design, and suitable for unisex sizes.",T-shirts
Adidas Classic Fit Crew Neck Shirt,Breathable henley with wool fabric.,"Adidas Classic Fit Crew Neck Shirt made from wool, featuring breathable properties, henley design, and suitable for men's big & tall sizes.",T-shirts
Vans Graphic Print Crew Neck Tee,Lightweight tank top with wool fabric.,"Vans Graphic Print Crew Neck Tee made from wool, featuring lightweight properties, tank top design, and suitable for men's big & tall sizes.",T-shirts
Vans Graphic Print Polo Shirt,Eco-friendly tank top with organic cotton fabric.,"Vans Graphic Print Polo Shirt made from organic cotton, featuring eco-friendly properties, tank top design, and suitable for unisex sizes.",T-shirts
Reebok Sport Performance Crew Neck Tee,Moisture-wicking polo with polyester fabric.,"Reebok Sport Performance Crew Neck Tee made from polyester, featuring moisture-wicking properties, polo design, and suitable for women's sizes.",T-shirts
